Split,Type,Triplet,Size (h),Items,Mean length (s)
train,dialog,No,9.829333333333334,11058,3.2000000000000006
val,dialog,No,0.648,729,3.2
val,narration,No,0.7973333333333336,897,3.2000000000000006
test,narration,No,0.5066666666666666,570,3.2
val,dialog,Yes,0.6461388888888888,828,2.8092995169082124
val,narration,Yes,0.9157222222222222,1492,2.2095174262734583
test,narration,Yes,0.7142222222222222,1052,2.444106463878327
