Split,Type,Triplet,Size (h),Mean length (s)
train,dialog,No,9.829333333333334,3.2000000000000006
val,dialog,No,0.648,3.2
val,dialog,Yes,0.6461388888888888,2.8092995169082124
val,narration,No,0.7973333333333336,3.2000000000000006
val,narration,Yes,0.9157222222222222,2.2095174262734583
test,narration,No,0.5066666666666666,3.2
test,narration,Yes,0.7142222222222222,2.444106463878327
