,samespeaker,sameepisode,sametype,glovesim,distance,durationdiff,similarity,similarity_init
samespeaker,1.0,0.21169862155246377,0.00814700810060483,0.018300928124860987,-0.008996516122210552,0.00824170006571091,-0.0005217755597543418,0.01760154545332204
sameepisode,0.21169862155246377,1.0,0.019588282901009668,0.018067725159752412,-0.010857266987479507,0.0010303127488803263,0.021033387064201332,0.027037472895588822
sametype,0.00814700810060483,0.019588282901009668,1.0,0.21772168533484956,-0.4841798607774929,-0.032630634171640034,0.029115992540452253,0.023866523272718713
glovesim,0.018300928124860987,0.018067725159752412,0.21772168533484956,1.0,-0.09658600983071176,-0.16195244724595548,0.16448551412189102,0.11673100580434054
distance,-0.008996516122210552,-0.010857266987479507,-0.4841798607774929,-0.09658600983071176,1.0,0.0018418443533078825,-0.001386415253216059,-0.011884856434993226
durationdiff,0.00824170006571091,0.0010303127488803263,-0.032630634171640034,-0.16195244724595548,0.0018418443533078825,1.0,-0.6289675974162602,-0.48004096381689704
similarity,-0.0005217755597543418,0.021033387064201332,0.029115992540452253,0.16448551412189102,-0.001386415253216059,-0.6289675974162602,1.0,0.8096393043917878
similarity_init,0.01760154545332204,0.027037472895588822,0.023866523272718713,0.11673100580434054,-0.011884856434993226,-0.48004096381689704,0.8096393043917878,1.0
