,sameepisode,sametype,glovesim,distance,durationdiff,similarity,similarity_init
sameepisode,1.0,0.009219127824661054,0.009093634856710973,-0.00671344617537992,-0.0005902017216300266,0.016949922427358193,0.024069920826624475
sametype,0.009219127824661054,1.0,0.39595608614450417,-0.6051890508181482,-0.08615676139833514,0.07322122100982188,0.056925315245365524
glovesim,0.009093634856710973,0.39595608614450417,1.0,-0.2837331775947009,-0.21803671731638366,0.26482409748158353,0.18351510341355506
distance,-0.00671344617537992,-0.6051890508181482,-0.2837331775947009,1.0,0.06951893552407944,-0.05347221922285288,-0.05161540093323349
durationdiff,-0.0005902017216300266,-0.08615676139833514,-0.21803671731638366,0.06951893552407944,1.0,-0.5117842351536281,-0.4110460434320246
similarity,0.016949922427358193,0.07322122100982188,0.26482409748158353,-0.05347221922285288,-0.5117842351536281,1.0,0.753566734845268
similarity_init,0.024069920826624475,0.056925315245365524,0.18351510341355506,-0.05161540093323349,-0.4110460434320246,0.753566734845268,1.0
